name,level,mechanic,equipment,primary_muscles,secondary_muscles,instructions,category,images,tag,priority
Bankdrücken Langhantel,Fortgeschritten,Grundübung,Langhantel,"[""Pectoralis major""]","[""Trizeps"", ""Deltoideus anterior""]","[""Lege dich auf die Bank und greife die Langhantel etwas breiter als schulterbreit."", ""Senke die Langhantel kontrolliert bis zur Brust ab."", ""Drücke die Langhantel explosiv nach oben, bis die Arme gestreckt sind."", ""Während der Ausführung ein leichtes Hohlkreuz halten.""]","[""Brust""]",[],"[""brust"", ""mittlere"", ""push""]",1
Bankdrücken Kurzhantel,Fortgeschritten,Grundübung,Kurzhanteln,"[""Pectoralis major""]","[""Trizeps"", ""Deltoideus anterior""]","[""Lege dich auf die Bank und halte in jeder Hand eine Kurzhantel."", ""Senke die Kurzhanteln kontrolliert bis zur Brust ab."", ""Drücke die Kurzhanteln explosiv nach oben, bis die Arme gestreckt sind."", ""Während der Ausführung ein leichtes Hohlkreuz halten.""]","[""Brust""]",[],"[""brust"", ""mittlere"", ""push""]",2
Brustpresse,Anfänger,Grundübung,Brustpresse-Maschine,"[""Pectoralis major""]","[""Trizeps"", ""Deltoideus anterior""]","[""Setze dich an die Brustpresse und greife die Griffe."", ""Drücke die Griffe nach vorne, bis die Arme gestreckt sind."", ""Lasse die Griffe kontrolliert wieder zurück in die Ausgangsposition."", ""Während der Ausführung ein leichtes Hohlkreuz halten.""]","[""Brust""]",[],"[""brust"", ""mittlere"", ""push""]",3
Bankdrücken Multipresse,Fortgeschritten,Grundübung,Smith-Maschine,"[""Pectoralis major""]","[""Trizeps"", ""Deltoideus anterior""]","[""Lege dich auf die Bank in der Smith-Maschine und greife die Stange etwas breiter als schulterbreit."", ""Senke die Stange kontrolliert bis zur Brust ab."", ""Drücke die Stange explosiv nach oben, bis die Arme gestreckt sind."", ""Während der Ausführung ein leichtes Hohlkreuz halten.""]","[""Brust""]",[],"[""brust"", ""mittlere"", ""push""]",4
Schrägbankdrücken Langhantel,Fortgeschritten,Grundübung,Langhantel,"[""Pectoralis major (obere Fasern)""]","[""Trizeps"", ""Deltoideus anterior""]","[""Lege dich auf eine Schrägbank und greife die Langhantel etwas breiter als schulterbreit."", ""Senke die Langhantel kontrolliert bis zur oberen Brust ab."", ""Drücke die Langhantel explosiv nach oben, bis die Arme gestreckt sind."", ""Während der Ausführung ein leichtes Hohlkreuz halten.""]","[""Brust""]",[],"[""brust"", ""obere"", ""push""]",1
Schrägbankdrücken Kurzhantel,Fortgeschritten,Grundübung,Kurzhanteln,"[""Pectoralis major (obere Fasern)""]","[""Trizeps"", ""Deltoideus anterior""]","[""Lege dich auf eine Schrägbank und halte in jeder Hand eine Kurzhantel."", ""Senke die Kurzhanteln kontrolliert bis zur oberen Brust ab."", ""Drücke die Kurzhanteln explosiv nach oben, bis die Arme gestreckt sind."", ""Während der Ausführung ein leichtes Hohlkreuz halten.""]","[""Brust""]",[],"[""brust"", ""obere"", ""push""]",2
Schrägbankdrücken Multipresse,Anfänger,Grundübung,Smith-Maschine,"[""Pectoralis major (obere Fasern)""]","[""Trizeps"", ""Deltoideus anterior""]","[""Lege dich auf eine Schrägbank in der Smith-Maschine und greife die Stange etwas breiter als schulterbreit."", ""Senke die Stange kontrolliert bis zur oberen Brust ab."", ""Drücke die Stange explosiv nach oben, bis die Arme gestreckt sind."", ""Während der Ausführung ein leichtes Hohlkreuz halten.""]","[""Brust""]",[],"[""brust"", ""obere"", ""push""]",3
Schrägbankdrücken Gerät,Anfänger,Grundübung,Schrägbankdrücken-Gerät,"[""Pectoralis major (obere Fasern)""]","[""Trizeps"", ""Deltoideus anterior""]","[""Setze dich auf das Schrägbankdrücken-Gerät und greife die Griffe."", ""Drücke die Griffe nach oben, bis die Arme gestreckt sind."", ""Senke die Griffe langsam wieder auf Schulterhöhe ab.""]","[""Brust""]",[],"[""brust"", ""obere"", ""push""]",4
Dips,Fortgeschritten,Grundübung,Dip-Stangen,"[""Pectoralis major"", ""Trizeps""]","[""Deltoideus anterior""]","[""Stütze dich auf den Dip-Stangen ab und strecke die Arme."", ""Senke deinen Körper kontrolliert ab, bis die Arme einen 90-Grad-Winkel bilden."", ""Drücke dich wieder nach oben, bis die Arme gestreckt sind."", ""Während der Ausführung ein leichtes Hohlkreuz halten.""]","[""Brust""]",[],"[""brust"", ""untere"", ""push""]",1
Bankdrücken negativ Langhantel,Fortgeschritten,Grundübung,Langhantel,"[""Pectoralis major (untere Fasern)""]","[""Trizeps"", ""Deltoideus anterior""]","[""Lege dich auf eine negative Bank und greife die Langhantel etwas breiter als schulterbreit."", ""Senke die Langhantel kontrolliert bis zur unteren Brust ab."", ""Drücke die Langhantel explosiv nach oben, bis die Arme gestreckt sind."", ""Während der Ausführung ein leichtes Hohlkreuz halten.""]","[""Brust""]",[],"[""brust"", ""untere"", ""push""]",2
Bankdrücken negativ Kurzhantel,Fortgeschritten,Grundübung,Kurzhanteln,"[""Pectoralis major (untere Fasern)""]","[""Trizeps"", ""Deltoideus anterior""]","[""Lege dich auf eine negative Bank und halte in jeder Hand eine Kurzhantel."", ""Senke die Kurzhanteln kontrolliert bis zur unteren Brust ab."", ""Drücke die Kurzhanteln explosiv nach oben, bis die Arme gestreckt sind."", ""Während der Ausführung ein leichtes Hohlkreuz halten.""]","[""Brust""]",[],"[""brust"", ""untere"", ""push""]",3
Bankdrücken negativ Gerät,Anfänger,Grundübung,Negativ-Bankdrücken-Gerät,"[""Pectoralis major (untere Fasern)""]","[""Trizeps"", ""Deltoideus anterior""]","[""Setze dich auf das Negativ-Bankdrücken-Gerät und greife die Griffe."", ""Drücke die Griffe nach oben, bis die Arme gestreckt sind."", ""Senke die Griffe langsam wieder auf Brusthöhe ab.""]","[""Brust""]",[],"[""brust"", ""untere"", ""push""]",4
Butterfly,Anfänger,Isolation,Butterfly-Maschine,"[""Pectoralis major""]",[],"[""Setze dich an die Butterfly-Maschine und greife die Griffe."", ""Führe die Griffe kontrolliert vor deiner Brust zusammen."", ""Lasse die Griffe langsam wieder in die Ausgangsposition zurückkehren."", ""Während der Ausführung ein leichtes Hohlkreuz halten.""]","[""Brust""]",[],"[""brust"", ""mittlere"", ""abduktion""]",1
Butterfly Kabelzug,Fortgeschritten,Isolation,Kabelzugmaschine,"[""Pectoralis major""]",[],"[""Stelle dich in die Mitte einer Kabelzugmaschine und greife die Griffe."", ""Führe die Griffe vor deiner Brust zusammen, die Arme leicht gebeugt."", ""Lasse die Griffe langsam wieder in die Ausgangsposition zurückkehren.""]","[""Brust""]",[],"[""brust"", ""mittlere"", ""abduktion""]",2
Butterfly Kurzhantel,Fortgeschritten,Isolation,Kurzhanteln,"[""Pectoralis major""]",[],"[""Lege dich auf die Bank und halte in jeder Hand eine Kurzhantel."", ""Senke die Kurzhanteln kontrolliert zur Seite ab, die Arme leicht gebeugt."", ""Bringe die Kurzhanteln wieder zusammen über deiner Brust."", ""Während der Ausführung ein leichtes Hohlkreuz halten.""]","[""Brust""]",[],"[""brust"", ""mittlere"", ""abduktion""]",3
Kabelzug fliegende (hoch),Anfänger,Isolation,Kabelzugmaschine,"[""Pectoralis major (obere Fasern)""]",[],"[""Stelle dich in die Mitte einer Kabelzugmaschine und greife die Griffe oben."", ""Führe die Griffe vor deiner oberen Brust zusammen, die Arme leicht gebeugt."", ""Lasse die Griffe langsam wieder in die Ausgangsposition zurückkehren.""]","[""Brust""]",[],"[""brust"", ""obere"", ""abduktion""]",1
Kabelzug fliegende (unten),Anfänger,Isolation,Kabelzugmaschine,"[""Pectoralis major (untere Fasern)""]",[],"[""Stelle dich in die Mitte einer Kabelzugmaschine und greife die Griffe unten."", ""Führe die Griffe vor deiner unteren Brust zusammen, die Arme leicht gebeugt."", ""Lasse die Griffe langsam wieder in die Ausgangsposition zurückkehren.""]","[""Brust""]",[],"[""brust"", ""untere"", ""abduktion""]",1
Latzug Breit,Anfänger,Grundübung,Latzugmaschine,"[""Latissimus dorsi"", ""Trapez""]","[""Bizeps""]","[""Setze dich an die Latzugmaschine und greife die Stange mit einem breiten Griff."", ""Ziehe die Stange zu deinem oberen Brustbereich."", ""Lasse die Stange langsam wieder nach oben gleiten, bis deine Arme gestreckt sind.""]","[""Rücken""]",[],"[""rücken"", ""vertikal"", ""wide""]",1
Klimmzug Breit,Fortgeschritten,Grundübung,Klimmzugstange,"[""Latissimus dorsi"", ""Trapez""]","[""Bizeps""]","[""Greife die Klimmzugstange mit einem breiten Griff."", ""Ziehe deinen Körper hoch, bis dein Kinn über der Stange ist."", ""Senke deinen Körper langsam wieder ab, bis deine Arme gestreckt sind.""]","[""Rücken""]",[],"[""rücken"", ""vertikal"", ""wide""]",2
Latzug Eng,Anfänger,Grundübung,Latzugmaschine,"[""Latissimus dorsi"", ""Trapez""]","[""Bizeps""]","[""Setze dich an die Latzugmaschine und greife die Stange mit einem engen Griff."", ""Ziehe die Stange zu deinem oberen Brustbereich."", ""Lasse die Stange langsam wieder nach oben gleiten, bis deine Arme gestreckt sind.""]","[""Rücken""]",[],"[""rücken"", ""vertikal"", ""close""]",1
Klimmzug Eng,Fortgeschritten,Grundübung,Klimmzugstange,"[""Latissimus dorsi"", ""Trapez""]","[""Bizeps""]","[""Greife die Klimmzugstange mit einem engen Griff."", ""Ziehe deinen Körper hoch, bis dein Kinn über der Stange ist."", ""Senke deinen Körper langsam wieder ab, bis deine Arme gestreckt sind.""]","[""Rücken""]",[],"[""rücken"", ""vertikal"", ""close""]",2
Latzug am Kabelzug,Anfänger,Grundübung,Kabelzugmaschine,"[""Latissimus dorsi""]","[""Bizeps"", ""Rhomboideus""]","[""Setze dich an die Kabelzugmaschine und greife die Stange mit einem breiten Griff."", ""Ziehe die Stange zur Brust, indem du die Ellbogen nach unten und hinten ziehst."", ""Lasse die Stange kontrolliert wieder in die Ausgangsposition zurückkehren.""]","[""Rücken""]",[],"[""rücken"", ""vertikal"", ""close""]",3
T-Bar Rudern,Fortgeschritten,Grundübung,T-Bar Rudermaschine,"[""Latissimus dorsi"", ""Trapez""]","[""Bizeps""]","[""Stehe auf die Plattform der T-Bar Rudermaschine und greife die Griffe mit einem breiten Griff."", ""Ziehe die Griffe zu deinem unteren Brustbereich."", ""Lasse die Griffe langsam wieder nach unten gleiten, bis deine Arme gestreckt sind.""]","[""Rücken""]",[],"[""rücken"", ""horizontal"", ""wide""]",1
Ruderzug Breit,Anfänger,Grundübung,Ruderzugmaschine,"[""Latissimus dorsi"", ""Trapez""]","[""Bizeps""]","[""Setze dich an die Ruderzugmaschine und greife die Griffe mit einem breiten Griff."", ""Ziehe die Griffe zu deinem unteren Brustbereich."", ""Lasse die Griffe langsam wieder nach vorne gleiten, bis deine Arme gestreckt sind.""]","[""Rücken""]",[],"[""rücken"", ""horizontal"", ""wide""]",2
Ruderzug,Anfänger,Grundübung,Ruderzugmaschine,"[""Latissimus dorsi"", ""Trapez""]","[""Bizeps""]","[""Setze dich an die Ruderzugmaschine und greife die Griffe."", ""Ziehe die Griffe zu deinem unteren Brustbereich."", ""Lasse die Griffe langsam wieder nach vorne gleiten, bis deine Arme gestreckt sind.""]","[""Rücken""]",[],"[""rücken"", ""horizontal"", ""close""]",1
Ruderzug Maschine,Anfänger,Grundübung,Ruderzugmaschine,"[""Latissimus dorsi"", ""Trapez""]","[""Bizeps""]","[""Setze dich an die Maschine und greife die Griffe."", ""Ziehe die Griffe zu deinem unteren Brustbereich."", ""Lasse die Griffe langsam wieder nach vorne gleiten, bis deine Arme gestreckt sind.""]","[""Rücken""]",[],"[""rücken"", ""horizontal"", ""close""]",2
Ruderzug Langhantel,Fortgeschritten,Grundübung,Langhantel,"[""Latissimus dorsi"", ""Trapez""]","[""Bizeps""]","[""Stehe mit leicht gebeugten Knien und halte die Langhantel mit beiden Händen."", ""Beuge deinen Oberkörper leicht nach vorne."", ""Ziehe die Langhantel zu deinem unteren Brustbereich."", ""Lasse die Langhantel langsam wieder nach unten gleiten, bis deine Arme gestreckt sind.""]","[""Rücken""]",[],"[""rücken"", ""horizontal"", ""close""]",5
Ruderzug am Kabelturm,Fortgeschritten,Grundübung,Kabelzugmaschine,"[""Latissimus dorsi"", ""Trapez""]","[""Bizeps""]","[""Positioniere dich vor den Kabelturm und greife den Griff."", ""Ziehe den Griff gestreckt zu deinem unteren Brustbereich."", ""Lasse den Griff langsam wieder nach vorne gleiten, bis dein Arm gestreckt ist.""]","[""Rücken""]",[],"[""rücken"", ""horizontal"", ""close""]",4
Ruderzug Kurzhantel,Anfänger,Grundübung,Kurzhantel,"[""Latissimus dorsi"", ""Rhomboideus""]","[""Bizeps"", ""Trapezius""]","[""Stelle dich in eine gebeugte Position mit einer Kurzhantel in einer Hand."", ""Ziehe die Kurzhantel zur Hüfte, indem du den Ellbogen nach hinten ziehst."", ""Lasse die Kurzhantel kontrolliert wieder nach unten sinken.""]","[""Rücken""]",[],"[""rücken"", ""horizontal"", ""close""]",3
Shrugs Kurzhantel,Anfänger,Isolation,Kurzhanteln,"[""Trapez""]",[],"[""Stehe aufrecht und halte in jeder Hand eine Kurzhantel."", ""Ziehe deine Schultern so hoch wie möglich zu deinen Ohren."", ""Senke die Schultern langsam wieder ab.""]","[""Rücken""]",[],"[""rücken"", ""nacken""]",1
Shrugs Langhantel,Anfänger,Isolation,Langhantel,"[""Trapez""]",[],"[""Stehe aufrecht und halte eine Langhantel vor deinem Körper."", ""Ziehe deine Schultern so hoch wie möglich zu deinen Ohren."", ""Senke die Schultern langsam wieder ab.""]","[""Rücken""]",[],"[""rücken"", ""nacken""]",2
Rückenstrecken,Anfänger,Isolation,Hyperextensionsbank,"[""Erector spinae""]","[""Gluteus""]","[""Lege dich auf die Hyperextensionsbank und hake deine Füße unter den Stützen ein."", ""Beuge deinen Oberkörper nach unten, bis er parallel zum Boden ist."", ""Strecke deinen Oberkörper wieder nach oben, bis er in einer Linie mit deinen Beinen ist.""]","[""Rücken""]",[],"[""rücken"", ""unterer rücken""]",1
Rückenstrecker Gerät,Anfänger,Isolation,Rückenstrecker-Maschine,"[""Erector spinae""]","[""Gluteus maximus""]","[""Setze dich in das Rückenstrecker-Gerät und lege die Füße auf die vorgesehenen Stützen."", ""Beuge den Oberkörper nach vorne und drücke dich dann mit den Rückenstreckern wieder auf."", ""Kehre kontrolliert in die Ausgangsposition zurück.""]","[""Rücken""]",[],"[""rücken"", ""unterer rücken""]",2
Kreuzheben,Experte,Grundübung,Langhantel,"[""Latissimus dorsi"", ""Erector spinae""]","[""Gluteus"", ""Beinbizeps"", ""Trapez""]","[""Stelle dich mit den Füßen schulterbreit auseinander vor eine Langhantel."", ""Beuge dich an den Hüften und greife die Langhantel mit beiden Händen."", ""Hebe die Langhantel an, indem du dich aufrichtest und die Hüften streckst."", ""Halte während der Ausführung ein Hohlkreuz."", ""Senke die Langhantel langsam wieder ab, bis sie den Boden berührt.""]","[""Rücken""]",[],"[""beine"", ""pull""]",1
Kreuzheben Kurzhantel,Anfänger,Grundübung,Kurzhanteln,"[""Latissimus dorsi"", ""Erector spinae""]","[""Gluteus"", ""Beinbizeps"", ""Trapez""]","[""Stelle dich mit den Füßen schulterbreit auseinander und halte eine Kurzhantel in jeder Hand."", ""Beuge dich an den Hüften und lasse die Kurzhanteln vor deinen Beinen nach unten gleiten."", ""Hebe die Kurzhanteln an, indem du dich aufrichtest und die Hüften streckst."", ""Halte während der Ausführung ein Hohlkreuz."", ""Senke die Kurzhanteln langsam wieder ab, bis sie fast den Boden berühren.""]","[""Rücken""]",[],"[""beine"", ""pull""]",3
Rumänisches Kreuzheben,Fortgeschritten,Grundübung,Langhantel,"[""Erector spinae"", ""Beinbizeps""]","[""Gluteus Maximus:"", ""Trapez""]","[""Stelle dich mit den Füßen schulterbreit auseinander vor eine Langhantel."", ""Beuge dich an den Hüften und greife die Langhantel mit beiden Händen."", ""Hebe die Langhantel an, indem du die Hüften streckst, aber halte deine Knie leicht gebeugt."", ""Senke die Langhantel langsam wieder ab, indem du die Hüften beugst und den Rücken gerade hältst.""]","[""Rücken""]",[],"[""beine"", ""pull""]",2
Kurzhantel Rumänisches Kreuzheben,Anfänger,Grundübung,Kurzhantel,"[""Erector spinae"", ""Beinbizeps""]","[""Gluteus Maximus:"", ""Trapez""]","[""Stehe aufrecht mit einer Kurzhantel in jeder Hand."", ""Beuge die Hüften nach hinten und senke die Kurzhanteln entlang der Beine."", ""Drücke die Hüften nach vorne, um wieder in die aufrechte Position zu gelangen.""]","[""Beine""]",[],"[""beine"", ""pull""]",3
Überzüge Kabelzug,Anfänger,Isolation,Kabelzugmaschine,"[""Latissimus dorsi""]","[""Brustmuskeln""]","[""Stelle dich vor eine Kabelzugmaschine und greife die Stange mit beiden Händen."", ""Ziehe die Stange mit gestreckten Armen nach unten, bis sie auf Höhe deiner Oberschenkel ist."", ""Lasse die Stange langsam wieder nach oben gleiten, bis deine Arme gestreckt sind.""]","[""Rücken""]",[],"[""rücken"", ""adduktion""]",1
Überzüge Maschine,Anfänger,Isolation,Pullover-Maschine,"[""Latissimus dorsi""]","[""Brustmuskeln""]","[""Setze dich an die Pullover-Maschine und greife die Griffe."", ""Ziehe die Griffe mit gestreckten Armen nach unten, bis sie auf Höhe deiner Oberschenkel sind."", ""Lasse die Griffe langsam wieder nach oben gleiten, bis deine Arme gestreckt sind.""]","[""Rücken""]",[],"[""rücken"", ""adduktion""]",2
Kniebeugen,Fortgeschritten,Grundübung,Langhantel,"[""Quadrizeps"", ""Gluteus maximus""]","[""Adduktoren"", ""Beinbeuger"", ""Erector spinae""]","[""Stehe schulterbreit mit einer Langhantel auf den Schultern."", ""Beuge die Knie und senke die Hüften, als würdest du dich hinsetzen."", ""Halte den Rücken gerade und die Knie hinter den Zehen."", ""Drücke dich explosiv nach oben, bis die Beine gestreckt sind."", ""Halte während der Ausführung ein leichtes Hohlkreuz.""]","[""Beine""]",[],"[""beine"", ""push""]",1
Beinpresse,Anfänger,Grundübung,Beinpresse-Maschine,"[""Quadrizeps"", ""Gluteus maximus""]","[""Adduktoren"", ""Beinbeuger""]","[""Setze dich in die Beinpresse-Maschine und platziere die Füße schulterbreit auf der Plattform."", ""Drücke die Plattform nach oben, bis die Beine gestreckt sind."", ""Beuge die Knie und senke die Plattform langsam ab, bis die Knie einen 90-Grad-Winkel bilden.""]","[""Beine""]",[],"[""beine"", ""push""]",3
Kniebeuge Maschine,Anfänger,Grundübung,Kniebeuge-Maschine,"[""Quadrizeps"", ""Gluteus maximus""]","[""Adduktoren"", ""Beinbeuger""]","[""Stelle dich in die Kniebeuge-Maschine und platziere die Füße schulterbreit auf der Plattform."", ""Beuge die Knie und senke die Hüften, als würdest du dich hinsetzen."", ""Halte den Rücken gerade und die Knie hinter den Zehen."", ""Drücke dich explosiv nach oben, bis die Beine gestreckt sind.""]","[""Beine""]",[],"[""beine"", ""push""]",4
Ausfallschritte,Fortgeschritten,Grundübung,Kurzhanteln,"[""Quadrizeps"", ""Gluteus maximus""]","[""Adduktoren"", ""Beinbeuger""]","[""Stehe aufrecht mit einer Kurzhantel in jeder Hand."", ""Mache einen großen Schritt nach vorne und beuge das vordere Knie, bis der Oberschenkel parallel zum Boden ist."", ""Drücke dich zurück in die Ausgangsposition und wechsle das Bein.""]","[""Beine""]",[],"[""beine"", ""push""]",5
Bulgarische Kniebeugen,Experte,Grundübung,Kurzhanteln,"[""Quadrizeps"", ""Gluteus maximus""]","[""Adduktoren"", ""Beinbeuger""]","[""Stelle einen Fuß auf eine Bank hinter dir und halte eine Kurzhantel in jeder Hand."", ""Beuge das vordere Knie, bis der Oberschenkel parallel zum Boden ist."", ""Drücke dich zurück in die Ausgangsposition.""]","[""Beine""]",[],"[""beine"", ""push""]",6
Beinstrecker,Anfänger,Isolation,Beinstrecker-Maschine,"[""Quadrizeps""]",[],"[""Setze dich in die Beinstrecker-Maschine und platziere die Füße unter den Polstern."", ""Strecke die Beine nach oben, bis sie vollständig gestreckt sind."", ""Beuge die Knie und senke die Füße langsam wieder ab.""]","[""Beine""]",[],"[""beine"", ""quadrizeps""]",1
Beinpresse tief,Fortgeschritten,Grundübung,Beinpresse-Maschine,"[""Quadrizeps"", ""Gluteus maximus""]","[""Adduktoren"", ""Beinbeuger""]","[""Setze dich in die Beinpresse-Maschine und platziere die Füße tief auf der Plattform."", ""Drücke die Plattform nach oben, bis die Beine gestreckt sind."", ""Beuge die Knie und senke die Plattform langsam ab, bis die Knie einen 90-Grad-Winkel bilden.""]","[""Beine""]",[],"[""beine"", ""quadrizeps""]",2
Beinbeuger,Anfänger,Isolation,Beinbeuger-Maschine,"[""Beinbeuger""]","[""Gluteus maximus""]","[""Setze dich in die Beinbeuger-Maschine und platziere die Füße unter den Polstern."", ""Beuge die Knie und ziehe die Füße nach unten."", ""Strecke die Beine langsam wieder aus.""]","[""Beine""]",[],"[""beine"", ""hamstrings""]",1
Hyperextensions,Anfänger,Isolation,Hyperextensionsbank,"[""Erector spinae""]","[""Gluteus""]","[""Lege dich auf die Hyperextensionsbank und hake deine Füße unter den Stützen ein."", ""Beuge deinen Oberkörper nach unten, bis er parallel zum Boden ist."", ""Strecke deinen Oberkörper wieder nach oben, bis er in einer Linie mit deinen Beinen ist.""]","[""Beine""]",[],"[""beine"", ""hamstrings""]",2
Wadenheben Maschine,Anfänger,Isolation,Wadenheben-Maschine,"[""Soleus"", ""Gastrocnemius""]",[],"[""Stelle dich auf die Plattform der Wadenheben-Maschine und platziere die Schultern unter den Polstern."", ""Hebe die Fersen so hoch wie möglich an."", ""Senke die Fersen langsam wieder ab.""]","[""Beine""]",[],"[""beine"", ""waden""]",1
Wadenheben sitzen,Anfänger,Isolation,Sitzende Wadenheben-Maschine,"[""Soleus"", ""Gastrocnemius""]",[],"[""Setze dich auf die Wadenheben-Maschine und platziere die Füße auf der Plattform."", ""Hebe die Fersen so hoch wie möglich an."", ""Senke die Fersen langsam wieder ab.""]","[""Beine""]",[],"[""beine"", ""waden""]",2
Wadenheben Kurzhantel,Fortgeschritten,Isolation,Kurzhanteln,"[""Soleus"", ""Gastrocnemius""]",[],"[""Stehe aufrecht und halte eine Kurzhantel in jeder Hand."", ""Hebe die Fersen so hoch wie möglich an."", ""Senke die Fersen langsam wieder ab.""]","[""Beine""]",[],"[""beine"", ""waden""]",3
Schulterdrücken Kurzhantel,Fortgeschritten,Grundübung,Kurzhanteln,"[""Deltoideus (alle Anteile)""]","[""Trizeps""]","[""Setze dich auf eine Bank mit Rückenlehne und halte in jeder Hand eine Kurzhantel auf Schulterhöhe."", ""Drücke die Kurzhanteln nach oben, bis die Arme gestreckt sind."", ""Senke die Kurzhanteln langsam wieder auf Schulterhöhe ab.""]","[""Schulter""]",[],"[""schulter"", ""vordere"", ""push""]",1
Schulterdrücken Langhantel,Fortgeschritten,Grundübung,Langhantel,"[""Deltoideus (alle Anteile)""]","[""Trizeps""]","[""Setze dich auf eine Bank mit Rückenlehne und halte die Langhantel auf Schulterhöhe."", ""Drücke die Langhantel nach oben, bis die Arme gestreckt sind."", ""Senke die Langhantel langsam wieder auf Schulterhöhe ab.""]","[""Schulter""]",[],"[""schulter"", ""vordere"", ""push""]",2
Schulterdrücken Multipresse,Anfänger,Grundübung,Smith-Maschine,"[""Deltoideus (alle Anteile)""]","[""Trizeps""]","[""Setze dich auf eine Bank mit Rückenlehne in der Smith-Maschine und halte die Stange auf Schulterhöhe."", ""Drücke die Stange nach oben, bis die Arme gestreckt sind."", ""Senke die Stange langsam wieder auf Schulterhöhe ab.""]","[""Schulter""]",[],"[""schulter"", ""vordere"", ""push""]",3
Schulterdrücken Gerät,Anfänger,Grundübung,Schulterpresse-Maschine,"[""Deltoideus (alle Anteile)""]","[""Trizeps""]","[""Setze dich an die Schulterpresse-Maschine und greife die Griffe auf Schulterhöhe."", ""Drücke die Griffe nach oben, bis die Arme gestreckt sind."", ""Senke die Griffe langsam wieder auf Schulterhöhe ab.""]","[""Schulter""]",[],"[""schulter"", ""vordere"", ""push""]",4
Frontheben,Anfänger,Isolation,Kurzhantel,"[""Deltoideus anterior""]","[""Trapezius""]","[""Stelle dich aufrecht hin und halte eine Kurzhantel in jeder Hand."", ""Hebe die Kurzhanteln vor dir auf Schulterhöhe an, die Arme leicht gebeugt."", ""Lasse die Kurzhanteln kontrolliert wieder nach unten sinken.""]","[""Schultern""]",[],"[""schultern"", ""vorderer"", ""adduktion""]",1
Seitheben Gerät,Anfänger,Isolation,Seitheben-Maschine,"[""Deltoideus (seitlicher Anteil)""]",[],"[""Setze dich an die Seitheben-Maschine und greife die Griffe an den Seiten."", ""Hebe die Arme seitlich an, bis sie parallel zum Boden sind."", ""Senke die Arme langsam wieder ab.""]","[""Schulter""]",[],"[""schulter"", ""seitliche"", ""abduktion""]",1
Seitheben Kurzhantel,Anfänger,Isolation,Kurzhanteln,"[""Deltoideus (seitlicher Anteil)""]",[],"[""Stehe aufrecht und halte in jeder Hand eine Kurzhantel an den Seiten."", ""Hebe die Kurzhanteln seitlich an, bis die Arme parallel zum Boden sind."", ""Senke die Kurzhanteln langsam wieder ab.""]","[""Schulter""]",[],"[""schulter"", ""seitliche"", ""abduktion""]",2
Seitheben Kabelzug,Fortgeschritten,Isolation,Kabelzugmaschine,"[""Deltoideus (seitlicher Anteil)""]",[],"[""Stelle dich seitlich zur Kabelzugmaschine und greife den Griff mit einer Hand."", ""Hebe den Arm seitlich an, bis er parallel zum Boden ist."", ""Senke den Arm langsam wieder ab.""]","[""Schulter""]",[],"[""schulter"", ""seitliche"", ""abduktion""]",3
Reverse Butterfly Gerät,Anfänger,Isolation,Reverse Flys Maschine,"[""Deltoideus (hinterer Anteil)""]","[""Rhomboiden"", ""Trapez""]","[""Setze dich an die Reverse Flys Maschine und greife die Griffe."", ""Ziehe die Griffe nach hinten, bis deine Arme parallel zum Boden sind."", ""Lasse die Griffe langsam wieder in die Ausgangsposition zurückkehren.""]","[""Schulter""]",[],"[""schulter"", ""hintere"", ""abduktion""]",1
Reverse Butterfly Kabelzug,Fortgeschritten,Isolation,Kabelzugmaschine,"[""Deltoideus (hinterer Anteil)""]","[""Rhomboiden"", ""Trapez""]","[""Stelle dich in die Mitte einer Kabelzugmaschine und greife die Griffe über Kreuz."", ""Ziehe die Griffe nach hinten, bis deine Arme parallel zum Boden sind."", ""Lasse die Griffe langsam wieder in die Ausgangsposition zurückkehren.""]","[""Schulter""]",[],"[""schulter"", ""hintere"", ""abduktion""]",2
Reverse Butterfly Kurzhantel,Fortgeschritten,Isolation,Kurzhanteln,"[""Deltoideus (hinterer Anteil)""]","[""Rhomboiden"", ""Trapez""]","[""Beuge dich an den Hüften nach vorne und halte in jeder Hand eine Kurzhantel unter deinen Schultern."", ""Hebe die Arme seitlich an, bis sie parallel zum Boden sind."", ""Senke die Arme langsam wieder ab.""]","[""Schulter""]",[],"[""schulter"", ""hintere"", ""abduktion""]",3
Face Pulls,Anfänger,Isolation,Kabelzugmaschine,"[""Deltoideus (hinterer Anteil)"", ""Rhomboiden""]","[""Trapez""]","[""Stelle dich vor eine Kabelzugmaschine und greife das Seil mit beiden Händen."", ""Ziehe das Seil zu deinem Gesicht, wobei deine Ellbogen nach außen zeigen."", ""Lasse das Seil langsam wieder in die Ausgangsposition gleiten.""]","[""Schulter""]",[],"[""schulter"", ""hintere"", ""adduktion""]",1
Hammercurls Kurzhantel,Anfänger,Isolation,Kurzhanteln,"[""Brachialis"", ""Brachioradialis""]","[""Bizeps""]","[""Stehe aufrecht und halte in jeder Hand eine Kurzhantel mit den Handflächen zueinander."", ""Beuge die Arme und bringe die Kurzhanteln zu deinen Schultern."", ""Senke die Kurzhanteln langsam wieder ab.""]","[""Bizeps""]",[],"[""bizeps"", ""breit""]",1
Hammercurls Kabelzug,Fortgeschritten,Isolation,Kabelzugmaschine,"[""Brachialis"", ""Brachioradialis""]","[""Bizeps""]","[""Stelle dich vor eine Kabelzugmaschine und greife den Griff mit beiden Händen."", ""Beuge die Arme und bringe den Griff zu deinen Schultern."", ""Senke den Griff langsam wieder ab.""]","[""Bizeps""]",[],"[""bizeps"", ""breit""]",2
Reverse Curls,Anfänger,Isolation,Langhantel,"[""Brachialis"", ""Brachioradialis""]","[""Bizeps""]","[""Stehe aufrecht und halte eine Langhantel mit den Handflächen nach unten."", ""Beuge die Arme und bringe die Langhantel zu deinen Schultern."", ""Senke die Langhantel langsam wieder ab.""]","[""Bizeps""]",[],"[""bizeps"", ""breit""]",3
Cablecurls,Anfänger,Isolation,Kabelzugmaschine,"[""Bizeps""]","[""Brachialis""]","[""Stelle dich vor eine Kabelzugmaschine und greife die Stange mit beiden Händen."", ""Beuge die Arme und bringe die Stange zu deinen Schultern."", ""Senke die Stange langsam wieder ab.""]","[""Bizeps""]",[],"[""bizeps"", ""eng""]",1
Bizepscurls Kurzhantel,Anfänger,Isolation,Kurzhanteln,"[""Bizeps""]","[""Brachialis"", ""Brachioradialis""]","[""Stehe aufrecht und halte in jeder Hand eine Kurzhantel."", ""Beuge die Arme und bringe die Kurzhanteln zu deinen Schultern."", ""Senke die Kurzhanteln langsam wieder ab.""]","[""Bizeps""]",[],"[""bizeps"", ""eng""]",2
Bizepscurls Langhantel,Anfänger,Isolation,Langhantel,"[""Bizeps""]","[""Brachialis"", ""Brachioradialis""]","[""Stehe aufrecht und halte eine Langhantel mit beiden Händen."", ""Beuge die Arme und bringe die Langhantel zu deinen Schultern."", ""Senke die Langhantel langsam wieder ab.""]","[""Bizeps""]",[],"[""bizeps"", ""eng""]",3
Bizepscurls Gerät,Anfänger,Isolation,Bizepsmaschine,"[""Bizeps""]","[""Brachialis""]","[""Setze dich an die Bizepsmaschine und greife die Griffe mit beiden Händen."", ""Beuge die Arme und bringe die Griffe zu deinen Schultern."", ""Senke die Griffe langsam wieder ab.""]","[""Bizeps""]",[],"[""bizeps"", ""eng""]",4
Spidercurls,Fortgeschritten,Isolation,Langhantel,"[""Bizeps""]","[""Brachialis""]","[""Lege dich auf eine Schrägbank und halte eine Langhantel mit beiden Händen."", ""Beuge die Arme und bringe die Langhantel zu deinen Schultern."", ""Senke die Langhantel langsam wieder ab.""]","[""Bizeps""]",[],"[""bizeps"", ""eng""]",5
Überkopfstreckung,Anfänger,Isolation,Kabelzugmaschine,"[""Caput longum""]",[],"[""Stelle dich vor den Kabelzugturm und befestige den Seilgriff am oberen Kabelzug."", ""Greife den Seilgriff mit beiden Händen und stelle dich einen Schritt zurück."", ""Beuge dich leicht nach vorne und strecke die Arme über deinen Kopf."", ""Senke den Seilgriff hinter deinen Kopf ab."", ""Drücke das Seilgriff wieder nach oben, bis die Arme gestreckt sind."", ""Alternativ kannst du die Übung auch einarmig, ohne Seil, durchführen.""]","[""Trizeps""]",[],"[""trizeps"", ""groß""]",1
Skullcrusher,Fortgeschritten,Isolation,Langhantel,"[""Caput longum"", ""Caput laterale"", ""Caput mediale""]",[],"[""Lege dich auf eine Bank und halte eine Langhantel über deinem Kopf."", ""Senke die Langhantel kontrolliert hinter deinem Kopf ab, bis die Arme einen 90-Grad-Winkel bilden."", ""Drücke die Langhantel wieder nach oben, bis die Arme vollständig gestreckt sind.""]","[""Trizeps""]",[],"[""trizeps"", ""groß""]",2
Kickbacks,Fortgeschritten,Isolation,Kurzhantel,"[""Caput laterale"", ""Caput mediale""]",[],"[""Stütze dich mit einem Knie und einer Hand auf eine Bank und halte eine Kurzhantel in der anderen Hand."", ""Strecke den Arm nach hinten, bis er vollständig gestreckt ist."", ""Beuge den Arm wieder, bis er einen 90-Grad-Winkel bildet.""]","[""Trizeps""]",[],"[""trizeps"", ""groß""]",3
Überkopfstreckungen Kurzhantel,Anfänger,Isolation,Kurzhantel,"[""Caput longum""]",[],"[""Setze dich auf eine Bank und halte eine Kurzhantel mit beiden Händen über deinem Kopf."", ""Senke die Kurzhantel hinter deinem Kopf ab, bis die Arme einen 90-Grad-Winkel bilden."", ""Drücke die Kurzhantel wieder nach oben, bis die Arme vollständig gestreckt sind.""]","[""Trizeps""]",[],"[""trizeps"", ""groß""]",4
Trizepsdrücken am Kabelzug,Anfänger,Isolation,Kabelzugmaschine,"[""Caput longum"", ""Caput laterale"", ""Caput mediale""]",[],"[""Stelle dich vor die Kabelzugmaschine und greife die Stange mit beiden Händen."", ""Drücke die Stange nach unten, bis die Arme vollständig gestreckt sind."", ""Lasse die Stange langsam wieder nach oben gleiten, bis die Arme leicht gebeugt sind."", ""Wähle einen beliebigen Griff, deiner Vorwahl aus.""]","[""Trizeps""]",[],"[""trizeps"", ""klein""]",1
Trizeps Kabeldrücken einarmig,Fortgeschritten,Isolation,Kabelzugmaschine,"[""Caput longum"", ""Caput laterale"", ""Caput mediale""]",[],"[""Stelle dich vor die Kabelzugmaschine und greife den Einzelgriff mit einer Hand."", ""Drücke den Griff nach unten, bis der Arm vollständig gestreckt ist."", ""Lasse den Griff langsam wieder nach oben gleiten, bis der Arm leicht gebeugt ist.""]","[""Trizeps""]",[],"[""trizeps"", ""klein""]",2
Pushdowns Gerät,Anfänger,Isolation,Pushdown-Maschine,"[""Caput longum"", ""Caput laterale"", ""Caput mediale""]",[],"[""Setze dich an das Pushdown-Gerät und greife die Griffe mit beiden Händen."", ""Drücke die Griffe nach unten, bis die Arme vollständig gestreckt sind."", ""Lasse die Griffe langsam wieder nach oben gleiten, bis die Arme leicht gebeugt sind.""]","[""Trizeps""]",[],"[""trizeps"", ""klein""]",3
Enges Bankdrücken,Experte,Grundübung,Langhantel,"[""Caput longum"", ""Caput laterale"", ""Caput mediale""]","[""Pectoralis major"", ""Deltoideus anterior""]","[""Lege dich auf die Bank und greife die Langhantel schulterbreit."", ""Senke die Langhantel kontrolliert bis zur Brust ab."", ""Drücke die Langhantel explosiv nach oben, bis die Arme gestreckt sind.""]","[""Trizeps""]",[],"[""trizeps"", ""klein""]",4
Diamond Liegestütze,Anfänger,Grundübung,Körpergewicht,"[""Caput longum"", ""Caput laterale"", ""Caput mediale""]","[""Pectoralis major"", ""Deltoideus anterior""]","[""Lege dich mit den Händen unter der Brust in einer Diamantform auf den Boden."", ""Senke deinen Körper kontrolliert ab, bis die Brust den Boden fast berührt."", ""Drücke dich explosiv nach oben, bis die Arme gestreckt sind.""]","[""Trizeps""]",[],"[""trizeps"", ""klein""]",5
Crunches,Anfänger,Isolation,Körpergewicht,"[""Rectus abdominis""]","[""Obliques""]","[""Lege dich auf den Rücken und beuge die Knie, die Füße flach auf dem Boden."", ""Lege die Hände hinter den Kopf und hebe die Schulterblätter vom Boden ab."", ""Spanne die Bauchmuskeln an und ziehe den Oberkörper in Richtung der Knie.""]","[""Bauch""]",[],"[""bauch"", ""oberer""]",1
Situps,Anfänger,Isolation,Körpergewicht,"[""Rectus abdominis""]","[""Obliques""]","[""Lege dich auf den Rücken und beuge die Knie, die Füße flach auf dem Boden."", ""Lege die Hände hinter den Kopf und hebe den Oberkörper bis zu den Knien hoch."", ""Senke den Oberkörper langsam wieder ab.""]","[""Bauch""]",[],"[""bauch"", ""oberer""]",2
Situps Gerät,Anfänger,Isolation,Sitzbank,"[""Rectus abdominis""]","[""Obliques""]","[""Setze dich auf die Situps Bank und halte die Griffe fest."", ""Lehne dich nach hinten und spanne die Bauchmuskeln an, um dich wieder aufzurichten."", ""Senke dich langsam zurück in die Ausgangsposition.""]","[""Bauch""]",[],"[""bauch"", ""oberer""]",3
Crunches am Seil,Fortgeschritten,Isolation,Kabelzugmaschine,"[""Rectus abdominis""]","[""Obliques""]","[""Knie dich vor eine Kabelzugmaschine und halte das Seil über deinem Kopf."", ""Beuge den Oberkörper nach unten und ziehe das Seil in Richtung der Knie."", ""Strecke den Oberkörper langsam wieder aus.""]","[""Bauch""]",[],"[""bauch"", ""oberer""]",4
Beinhebens,Fortgeschritten,Isolation,Körpergewicht,"[""Rectus abdominis""]","[""Hip flexors""]","[""Lege dich auf den Rücken und hebe die Beine leicht an."", ""Hebe die Beine gerade nach oben, bis sie senkrecht zum Boden sind."", ""Senke die Beine langsam wieder ab, ohne den Boden zu berühren.""]","[""Bauch""]",[],"[""bauch"", ""unterer""]",1
Beinhebe Maschine,Anfänger,Isolation,Beinhebe-Maschine,"[""Rectus abdominis""]","[""Hip flexors""]","[""Lege dich auf die Beinhebe-Maschine und greife die Griffe."", ""Hebe die Beine gerade nach oben, bis sie senkrecht zum Boden sind."", ""Senke die Beine langsam wieder ab, ohne den Boden zu berühren.""]","[""Bauch""]",[],"[""bauch"", ""unterer""]",2
Plank,Anfänger,Isolation,Körpergewicht,"[""Rectus abdominis"", ""Transversus abdominis""]","[""Obliques"", ""Erector spinae""]","[""Lege dich auf den Boden und stütze dich auf die Unterarme und Zehenspitzen."", ""Halte den Körper in einer geraden Linie von Kopf bis Fuß."", ""Spanne die Bauchmuskeln an und halte diese Position.""]","[""Bauch""]",[],"[""bauch"", ""core""]",1
Fahrrad crunches,Fortgeschritten,Isolation,Körpergewicht,"[""Rectus abdominis""]","[""Obliques""]","[""Lege dich auf den Rücken und hebe die Beine an."", ""Berühre abwechselnd mit dem Ellbogen das gegenüberliegende Knie."", ""Strecke dabei das andere Bein aus.""]","[""Bauch""]",[],"[""bauch"", ""core""]",2
